Time,Susceptible,Exposed,Infected,Resistant,est_beta,,,,
0,1399898501,32916,57493,11090,0.000407539,,[[-616.0681 ],-701.9608,56791.0392
1,1399898480,28234.35347,58088.64286,15196.64286,0.000407539,, [-622.4556 ],-709.2372,57379.40566
2,1399898462,24219.2468,57972.93315,19345.83163,0.000407539,, [-621.2148 ],-707.8236,57265.10955
3,1399898446,20775.50883,57291.90175,23486.75543,0.000407539,, [-613.9117 ],-699.5043,56592.39745
4,1399898432,17821.64422,56167.55289,27579.03413,0.000407539,, [-601.8543 ],-685.7691,55481.78379
5,1399898420,15287.84354,54701.534,31591.00219,0.000407539,, [-586.13306],-667.86,54033.674
6,1399898409,13114.28946,52978.25922,35498.25462,0.000407539,, [-567.6531 ]],-646.8086,52331.45062
