,Time,Susceptible,Exposed,Infected,Resistant,Death,Heal,est_beta
1,1,1399897534,30765.66453,58007.28571,13692.85714,273.8571429,13419,0.00029738
2,2,1399897521,26383.75895,58259.0031,17836.23469,356.7246939,17479.51,0.00029738
3,3,1399897509,22626.23446,57866.75415,21997.59206,439.9518412,21557.64022,0.00029738
4,4,1399897499,19403.97692,56965.73378,26130.93164,522.6186328,25608.31301,0.00029738
5,5,1399897491,16640.64186,55668.7495,30199.91262,603.9982525,29595.91437,0.00029738
6,6,1399897483,14270.80916,54069.6448,34176.25187,683.5250375,33492.72684,0.00029738
7,7,1399897477,12238.40883,52246.21434,38038.36936,760.7673872,37277.60197,0.00029738
