,Time,Susceptible,Exposed,Infected,Resistant,Death,Heal,est_beta
1,1,1399898479,28234.35018,58088.64286,15197.64286,303.9528571,14893.69,0.000407475
2,2,1399898461,24219.241,57972.93268,19346.83163,386.9366327,18959.895,0.000407475
3,3,1399898445,20775.5012,57291.90049,23487.7554,469.7551079,23018.00029,0.000407475
4,4,1399898431,17821.63534,56167.55062,27580.034,551.60068,27028.43332,0.000407475
5,5,1399898419,15287.83387,54701.53063,31592.0019,631.8400381,30960.16187,0.000407475
6,6,1399898408,13114.27938,52978.25471,35499.25409,709.9850818,34789.26901,0.000407475
7,7,1399898399,11249.70322,51067.56214,39283.41514,785.6683028,38497.74684,0.000407475
