Time,Susceptible,Exposed,Infected,Resistant,est_beta
1,1399898479,28234.35018,58088.64286,15197.64286,0.000407475
2,1399898461,24219.241,57972.93268,19346.83163,0.000407475
3,1399898445,20775.5012,57291.90049,23487.7554,0.000407475
4,1399898431,17821.63534,56167.55062,27580.034,0.000407475
5,1399898419,15287.83387,54701.53063,31592.0019,0.000407475
6,1399898408,13114.27938,52978.25471,35499.25409,0.000407475
